City_ID,City,Country,Lat,Lng,Max Temp,Humidity,Cloudiness,Wind Speed,Current Description
0,Tiksi,RU,71.6872,128.8694,39.54,90,99,7.58,overcast clouds
1,Qaanaaq,GL,77.484,-69.3632,49.44,65,90,8.77,overcast clouds
2,Prince Rupert,CA,54.3161,-130.3201,55.49,96,100,11.5,light rain
3,Tahta,EG,26.7693,31.5021,86.86,25,0,10.67,clear sky
4,Olafsvik,IS,64.8945,-23.7142,51.57,84,100,14.76,overcast clouds
5,Rikitea,PF,-23.1203,-134.9692,68.11,77,100,7.74,light rain
6,Mar Del Plata,AR,-38.0023,-57.5575,52.09,95,100,8.01,light intensity drizzle
7,Punta Arenas,CL,-53.15,-70.9167,33.82,93,20,10.36,few clouds
8,Bathsheba,BB,13.2167,-59.5167,86.61,86,75,19.57,broken clouds
9,Cape Town,ZA,-33.9258,18.4232,62.38,82,0,3.0,clear sky
10,Saldanha,ZA,-33.0117,17.9442,55.45,79,100,8.43,overcast clouds
11,Mataura,NZ,-46.1927,168.8643,35.47,97,94,3.71,overcast clouds
12,Arlit,NE,18.7369,7.3853,97.56,10,6,11.25,clear sky
13,San Cristobal,VE,7.7669,-72.225,75.38,60,35,5.53,scattered clouds
14,Sao Joao Da Barra,BR,-21.6403,-41.0511,78.89,78,21,18.5,few clouds
15,Castro,BR,-24.7911,-50.0119,67.32,61,98,7.16,overcast clouds
16,Sangar,RU,63.9242,127.4739,64.47,91,99,2.39,overcast clouds
17,Upernavik,GL,72.7868,-56.1549,48.58,61,0,6.98,clear sky
18,Bredasdorp,ZA,-34.5322,20.0403,51.84,95,100,3.6,overcast clouds
19,Hilo,US,19.7297,-155.09,84.25,72,33,1.01,scattered clouds
20,Norman Wells,CA,65.282,-126.8329,55.44,67,75,6.91,broken clouds
21,Sao Filipe,CV,14.8961,-24.4956,75.06,78,100,5.66,overcast clouds
22,Nanortalik,GL,60.1432,-45.2371,43.38,87,33,8.93,scattered clouds
23,Formosa,AR,-26.1775,-58.1781,84.18,58,100,8.05,overcast clouds
24,Turbat,PK,26.0023,63.044,88.11,66,100,2.24,overcast clouds
25,Jamestown,US,42.097,-79.2353,80.53,41,75,11.5,broken clouds
26,Kapaa,US,22.0752,-159.319,79.12,77,65,8.01,broken clouds
27,Yellowknife,CA,62.456,-114.3525,57.72,72,100,3.44,overcast clouds
28,Hovd,MN,48.0056,91.6419,58.32,40,3,3.44,clear sky
29,Kushiro,JP,42.975,144.3747,61.27,94,100,6.33,overcast clouds
30,Yumen,CN,40.2833,97.2,68.11,45,100,5.06,overcast clouds
31,Evensk,RU,61.95,159.2333,60.44,75,0,3.74,clear sky
32,Barrow,US,71.2906,-156.7887,37.42,81,100,10.36,overcast clouds
33,Synya,RU,65.3718,58.0387,68.86,71,19,4.54,few clouds
34,Fukuma,JP,33.7667,130.4667,75.34,94,100,5.91,overcast clouds
35,Manaquiri,BR,-3.3167,-60.35,88.25,54,65,4.03,broken clouds
36,Hasaki,JP,35.7333,140.8333,73.8,97,96,6.02,overcast clouds
37,Ciudad Bolivar,VE,8.1222,-63.5497,85.69,64,88,3.24,overcast clouds
38,Buhl,DE,48.7,8.15,73.26,54,0,8.05,clear sky
39,Nishihara,JP,26.1842,127.7558,82.45,97,100,17.9,mist
40,Tual,ID,-5.6667,132.75,79.09,79,63,22.62,broken clouds
41,Saskylakh,RU,71.9167,114.0833,49.17,65,34,1.9,scattered clouds
42,New Norfolk,AU,-42.7826,147.0587,44.92,83,100,1.01,light rain
43,Nikolskoye,RU,59.7035,30.7861,58.91,92,69,5.08,broken clouds
44,Lebu,CL,-37.6167,-73.65,47.88,72,47,14.74,scattered clouds
45,Ushuaia,AR,-54.8,-68.3,35.26,60,20,6.91,few clouds
46,Leshukonskoye,RU,64.8989,45.7622,63.36,98,100,6.42,light rain
47,Kurilsk,RU,45.2333,147.8833,52.79,87,10,6.08,clear sky
48,Yar-Sale,RU,66.8333,70.8333,52.65,62,0,8.68,clear sky
49,Port Alfred,ZA,-33.5906,26.891,57.18,91,12,3.0,few clouds
50,Hobart,AU,-42.8794,147.3294,45.27,87,40,9.22,moderate rain
51,Batticaloa,LK,7.7102,81.6924,80.83,66,100,9.89,overcast clouds
52,East London,ZA,-33.0153,27.9116,60.33,73,3,11.74,clear sky
53,Kodiak,US,57.79,-152.4072,58.44,84,100,3.56,overcast clouds
54,Lorengau,PG,-2.0226,147.2712,79.7,80,100,9.53,overcast clouds
55,Conde,BR,-7.2597,-34.9075,80.06,69,40,17.27,scattered clouds
56,Tasiilaq,GL,65.6145,-37.6368,41.65,76,100,16.53,light rain
57,Vestmannaeyjar,IS,63.4427,-20.2734,50.99,93,100,26.46,drizzle rain
58,Atar,MR,20.5169,-13.0499,100.8,20,10,10.33,clear sky
59,Busselton,AU,-33.65,115.3333,58.84,63,100,1.63,overcast clouds
60,Tuktoyaktuk,CA,69.4541,-133.0374,39.2,81,75,8.05,broken clouds
61,Mozarlandia,BR,-14.7447,-50.5706,92.73,22,66,4.56,broken clouds
62,Puerto Rondon,CO,6.2805,-71.1,84.2,68,54,5.3,broken clouds
63,Albany,US,42.6001,-73.9662,86.58,35,7,2.44,clear sky
64,Torbay,CA,47.6666,-52.7314,73.76,84,75,5.75,broken clouds
65,Butaritari,KI,3.0707,172.7902,81.68,81,100,18.5,moderate rain
66,Belmonte,BR,-15.8631,-38.8828,72.45,85,69,7.58,broken clouds
67,Pangnirtung,CA,66.1451,-65.7125,55.4,67,20,8.05,few clouds
68,Grandview,US,38.8858,-94.533,99.32,39,0,19.57,clear sky
69,Kirovskiy,RU,45.0917,133.5136,60.55,94,9,5.53,clear sky
70,Timbiqui,CO,2.7717,-77.6654,81.36,75,93,6.44,light rain
71,Centreville,US,38.8404,-77.4289,90.72,44,40,5.75,scattered clouds
72,Tobermory,CA,45.2501,-81.6665,65.48,64,100,7.27,overcast clouds
73,Ribeira Grande,PT,38.5167,-28.7,75.6,73,20,12.66,few clouds
74,Juba,SS,4.8517,31.5825,69.85,91,87,3.13,light rain
75,Katakwi,UG,1.8911,33.9661,66.51,87,81,2.77,light rain
76,Mingshui,CN,36.7167,117.5,79.18,67,32,6.38,scattered clouds
77,Bluff,NZ,-46.6,168.3333,35.8,65,87,14.99,overcast clouds
78,Cabo San Lucas,MX,22.8909,-109.9124,89.62,61,3,8.88,clear sky
79,Hambantota,LK,6.1241,81.1185,78.91,81,94,16.71,overcast clouds
80,Gazojak,TM,41.1875,61.4036,88.48,13,0,10.65,clear sky
81,Port Elizabeth,ZA,-33.918,25.5701,59.29,88,0,8.05,clear sky
82,Bubaque,GW,11.2833,-15.8333,80.62,79,100,13.42,overcast clouds
83,Cervo,ES,43.6702,-7.4101,71.96,87,97,7.43,overcast clouds
84,Matara,LK,5.9485,80.5353,76.21,92,66,8.52,broken clouds
85,Faanui,PF,-16.4833,-151.75,77.65,60,64,21.59,broken clouds
86,Puerto Ayora,EC,-0.7393,-90.3518,76.96,91,65,8.01,broken clouds
87,Cam Ranh,VN,11.9214,109.1591,80.56,89,20,1.14,few clouds
88,Saint-Philippe,RE,-21.3585,55.7679,66.22,82,59,12.53,light rain
89,Coquimbo,CL,-29.9533,-71.3436,53.33,62,75,11.5,broken clouds
90,Sechura,PE,-5.5569,-80.8222,74.35,53,0,18.39,clear sky
91,Vila Franca Do Campo,PT,37.7167,-25.4333,70.21,88,45,12.84,light rain
92,Gazanjyk,TM,39.2446,55.5154,83.86,40,0,8.03,clear sky
93,Prudy,RU,57.5738,46.2718,60.46,91,38,3.65,scattered clouds
94,Ginda,IN,30.6945,78.4932,66.18,78,12,5.01,few clouds
95,Grenada,ES,37.1882,-3.6067,88.16,27,0,0.0,clear sky
96,Avarua,CK,-21.2078,-159.775,75.25,60,75,11.5,broken clouds
97,Dunedin,NZ,-45.8742,170.5036,41.81,63,8,8.99,clear sky
98,Hermanus,ZA,-34.4187,19.2345,55.8,85,100,9.33,overcast clouds
99,Avera,US,33.194,-82.5271,91.54,40,39,5.77,scattered clouds
100,Bambous Virieux,MU,-20.3428,57.7575,68.25,94,75,19.57,light rain
101,Pevek,RU,69.7008,170.3133,37.15,70,100,0.89,overcast clouds
102,Thompson,CA,55.7435,-97.8558,82.56,32,20,19.57,smoke
103,Vaini,TO,-21.2,-175.2,75.36,94,20,5.75,few clouds
104,Bethel,US,41.3712,-73.414,87.19,46,41,1.99,scattered clouds
105,Hongjiang,CN,27.11,109.9956,79.63,85,100,4.88,overcast clouds
106,Teknaf,BD,20.8624,92.3058,80.13,88,89,13.58,overcast clouds
107,Chuy,UY,-33.6971,-53.4616,59.25,99,100,3.4,overcast clouds
108,Mackay,AU,-21.15,149.2,58.68,79,2,16.58,clear sky
109,Berezanka,UA,46.8526,31.388,73.96,63,69,6.51,broken clouds
110,Paamiut,GL,61.994,-49.6678,40.01,85,99,4.94,overcast clouds
111,Bang Saphan,TH,11.2126,99.5117,76.39,92,98,4.34,overcast clouds
112,Maarianhamina,AX,60.0973,19.9348,49.86,93,75,9.22,broken clouds
113,Cherskiy,RU,68.75,161.3,54.59,39,76,4.23,broken clouds
114,Victoria,HK,22.2855,114.1577,86.38,87,100,11.01,overcast clouds
115,San Bartolome De Tirajana,ES,27.9248,-15.5733,65.32,72,20,25.32,few clouds
116,Broome,US,42.2506,-75.833,84.02,35,2,5.99,clear sky
117,Fort Nelson,CA,58.8053,-122.7002,72.99,43,40,5.75,scattered clouds
118,Provideniya,RU,64.3833,-173.3,47.14,72,86,1.74,overcast clouds
119,Dikson,RU,73.5069,80.5464,47.53,72,100,7.27,overcast clouds
120,Laguna,US,38.421,-121.4238,97.02,40,0,1.99,clear sky
121,Plettenberg Bay,ZA,-34.0527,23.3716,57.94,81,100,2.75,overcast clouds
122,Cockburn Town,TC,21.4612,-71.1419,78.76,83,100,11.5,overcast clouds
123,Cidreira,BR,-30.1811,-50.2056,62.04,98,100,8.19,overcast clouds
124,Beringovskiy,RU,63.05,179.3167,47.26,76,12,7.99,few clouds
125,Ahipara,NZ,-35.1667,173.1667,53.65,70,100,8.97,overcast clouds
126,Kaitangata,NZ,-46.2817,169.8464,37.78,93,29,10.89,scattered clouds
127,Guaraniacu,BR,-25.1008,-52.8781,70.02,58,100,6.15,overcast clouds
128,Phalaborwa,ZA,-23.943,31.1411,61.88,65,21,6.24,few clouds
129,Constitucion,CL,-35.3333,-72.4167,45.5,85,100,8.93,light rain
130,Vardo,NO,70.3705,31.1107,60.78,77,0,5.75,clear sky
131,Georgetown,MY,5.4112,100.3354,83.89,93,20,0.0,few clouds
132,Fairbanks,US,64.8378,-147.7164,68.09,47,0,8.05,clear sky
133,Bilibino,RU,68.0546,166.4372,57.33,52,100,3.09,overcast clouds
134,Fomboni,KM,-12.28,43.7425,76.32,74,6,14.85,clear sky
135,Geraldton,AU,-28.7667,114.6,52.21,93,75,9.22,broken clouds
136,Kabinda,CD,-6.1333,24.4833,80.2,30,100,3.22,overcast clouds
137,Berlevag,NO,70.8578,29.0864,69.6,72,55,2.3,broken clouds
138,Cubara,CO,7.0008,-72.1085,80.69,80,60,2.06,broken clouds
139,Weligama,LK,5.9667,80.4167,76.55,91,73,8.41,broken clouds
140,Tosham,IN,28.8833,75.9167,90.73,51,92,10.31,overcast clouds
141,Lebyazhye,RU,55.2689,66.4947,67.21,95,100,7.81,moderate rain
142,Weinan,CN,34.5036,109.5089,74.82,91,100,12.39,moderate rain
143,San Quintin,MX,30.4833,-115.95,73.74,66,3,13.6,clear sky
144,Laramie,US,41.3114,-105.5911,85.08,33,79,1.01,broken clouds
145,Innisfail,AU,-17.5333,146.0333,66.16,84,96,7.07,overcast clouds
146,Lavrentiya,RU,65.5833,-171.0,45.03,65,14,6.26,few clouds
147,Narsaq,GL,60.9167,-46.05,51.22,62,38,7.0,scattered clouds
148,Pensacola,US,30.4213,-87.2169,91.38,71,72,7.0,broken clouds
149,Ancud,CL,-41.8697,-73.8203,45.23,65,0,8.23,clear sky
150,Isangel,VU,-19.55,169.2667,71.51,73,100,18.43,overcast clouds
151,Shangzhi,CN,45.2167,127.9667,62.06,89,100,8.3,overcast clouds
152,Pisco,PE,-13.7,-76.2167,68.05,64,57,25.32,dust
153,Wasilla,US,61.5814,-149.4394,65.52,70,100,1.99,overcast clouds
154,Emba,KZ,48.8264,58.1442,79.88,34,0,11.59,clear sky
155,Khatanga,RU,71.9667,102.5,52.0,66,18,5.91,few clouds
156,Ponta Do Sol,PT,32.6667,-17.1,76.01,79,15,6.06,few clouds
157,Saint-Francois,FR,46.4154,3.9054,74.64,46,0,9.22,clear sky
158,Sulangan,PH,11.1373,123.7228,83.35,73,89,2.55,overcast clouds
159,Vanimo,PG,-2.6741,141.3028,76.06,90,97,5.12,overcast clouds
160,Erenhot,CN,43.6475,111.9767,74.8,43,100,10.69,overcast clouds
161,Shenjiamen,CN,29.9576,122.298,78.1,91,100,0.67,overcast clouds
162,Silver City,US,32.7701,-108.2803,92.91,23,40,6.91,scattered clouds
163,Clyde River,CA,70.4692,-68.5914,59.23,33,0,21.85,clear sky
164,Alofi,NU,-19.0595,-169.9187,76.89,73,99,10.36,overcast clouds
165,Rawson,AR,-43.3002,-65.1023,43.5,72,100,14.67,overcast clouds
166,Monte Carmelo,BR,-18.7247,-47.4986,77.54,34,27,5.77,scattered clouds
167,Atuona,PF,-9.8,-139.0333,76.66,74,1,12.62,clear sky
168,Novikovo,RU,51.1537,37.8879,68.63,71,58,5.66,light rain
169,Kamenka,RU,51.3223,42.7678,64.31,65,0,6.08,clear sky
170,Amapa,BR,1.0,-52.0,79.77,82,87,4.07,overcast clouds
171,Kimbe,PG,-5.5502,150.1429,75.06,93,79,6.22,light rain
172,Dogondoutchi,NE,13.6393,4.0287,97.61,34,100,3.11,overcast clouds
173,Ostrovnoy,RU,68.0531,39.5131,60.04,78,100,6.78,overcast clouds
174,Aklavik,CA,68.2191,-135.0107,53.6,62,75,3.44,broken clouds
175,Hithadhoo,MV,-0.6,73.0833,83.34,74,100,15.7,overcast clouds
176,Binga,ZW,-17.6203,27.3414,63.66,42,1,1.72,clear sky
177,Calama,CL,-22.4667,-68.9333,61.29,11,0,31.07,clear sky
178,Kendari,ID,-3.945,122.4989,72.14,95,73,1.7,broken clouds
179,Durusu,TR,41.3053,28.6767,74.84,76,0,7.0,clear sky
180,Inhambane,MZ,-23.865,35.3833,68.0,77,20,5.99,few clouds
181,Port Hardy,CA,50.6996,-127.4199,60.98,88,75,8.05,shower rain
182,Cocobeach,GA,1.0002,9.5823,76.6,79,100,8.14,overcast clouds
183,Carnarvon,AU,-24.8667,113.6333,64.6,67,0,13.0,clear sky
184,Salalah,OM,17.0151,54.0924,79.03,88,100,8.48,overcast clouds
185,Souillac,MU,-20.5167,57.5167,68.38,94,75,19.57,light rain
186,Samarai,PG,-10.6167,150.6667,76.24,74,97,15.64,overcast clouds
187,Kieta,PG,-6.2167,155.6333,77.54,77,73,4.29,broken clouds
188,Shanhetun,CN,44.7,127.2,62.17,87,20,10.74,few clouds
189,Iqaluit,CA,63.7506,-68.5145,69.53,43,75,25.32,broken clouds
190,Tura,IN,25.5198,90.2201,75.67,94,7,4.21,moderate rain
191,Dingle,PH,10.9995,122.6711,76.42,91,96,0.76,overcast clouds
192,Port Lincoln,AU,-34.7333,135.8667,54.64,44,100,23.91,overcast clouds
193,Severo-Kurilsk,RU,50.6789,156.125,54.03,95,68,10.42,broken clouds
194,Ulladulla,AU,-35.35,150.4667,42.53,79,75,5.99,broken clouds
195,Biritiba-Mirim,BR,-23.5698,-46.0407,80.38,47,96,5.08,overcast clouds
196,Shimoda,JP,34.6667,138.95,74.1,92,100,11.05,moderate rain
197,Mahebourg,MU,-20.4081,57.7,68.29,94,75,19.57,broken clouds
198,Kurtamysh,RU,54.9103,64.4319,66.22,94,100,10.27,overcast clouds
199,Tukums,LV,56.9669,23.1553,54.75,93,70,7.38,broken clouds
200,Nalut,LY,30.3333,10.85,86.43,16,0,5.28,clear sky
201,Mogadishu,SO,2.0371,45.3438,76.55,82,100,19.35,overcast clouds
202,Port Macquarie,AU,-31.4333,152.9167,39.88,79,85,4.85,overcast clouds
203,Shirak,AM,40.8404,43.9158,70.12,46,0,20.71,clear sky
204,Yuancheng,CN,36.652,107.7896,68.86,82,100,15.79,overcast clouds
205,Taksimo,RU,56.3444,114.8794,59.4,97,97,0.65,overcast clouds
206,Quelimane,MZ,-17.8786,36.8883,69.75,77,20,3.44,few clouds
207,Jumla,NP,29.2747,82.1838,62.55,88,77,0.13,broken clouds
208,Cumberland,US,35.0502,-78.8664,91.49,65,40,10.36,scattered clouds
209,Half Moon Bay,US,37.4636,-122.4286,82.06,68,75,13.8,broken clouds
210,Grand Gaube,MU,-20.0064,57.6608,68.4,86,87,4.0,light rain
211,Zasheyek,RU,67.4066,32.5499,56.95,85,100,4.32,overcast clouds
212,Jizan,SA,17.3333,42.6667,90.54,52,91,3.89,overcast clouds
213,Denpasar,ID,-8.65,115.2167,78.46,88,75,9.22,broken clouds
214,Acapulco,MX,16.8634,-99.8901,86.81,63,100,6.42,overcast clouds
215,Benguela,AO,-12.5763,13.4055,68.56,89,47,2.3,scattered clouds
216,Natal,BR,-5.795,-35.2094,80.82,74,75,14.97,broken clouds
217,Chegdomyn,RU,51.1167,133.0167,62.11,94,73,2.64,broken clouds
218,Chipinge,ZW,-20.1883,32.6236,51.58,52,0,4.76,clear sky
219,Petropavlovsk-Kamchatskiy,RU,53.0452,158.6483,59.59,94,0,6.71,clear sky
220,Hofn,IS,64.2539,-15.2082,51.51,84,70,10.38,broken clouds
221,Yerbogachen,RU,61.2767,108.0108,58.03,72,100,0.43,overcast clouds
222,Banda Aceh,ID,5.5577,95.3222,79.95,78,100,10.76,overcast clouds
223,Vao,NC,-22.6667,167.4833,68.99,58,3,18.52,clear sky
224,Luderitz,NA,-26.6481,15.1594,71.19,30,0,4.72,clear sky
225,Broken Hill,AU,-31.95,141.4333,45.14,40,100,15.14,overcast clouds
226,Morogoro,TZ,-6.8167,37.6667,69.87,69,99,3.09,overcast clouds
227,Jardim,BR,-21.4803,-56.1381,89.51,28,83,11.16,broken clouds
228,Maniitsoq,GL,65.4167,-52.9,39.97,89,98,7.99,overcast clouds
229,Demba,CD,-5.51,22.2667,83.26,33,100,2.06,overcast clouds
230,Arraial Do Cabo,BR,-22.9661,-42.0278,72.82,80,51,29.46,broken clouds
231,Doka,SD,13.5167,35.7667,72.77,88,100,8.75,light rain
232,Tendukheda,IN,23.4,79.55,77.41,90,100,3.11,overcast clouds
233,Korla,CN,41.7597,86.1469,79.05,35,100,16.02,overcast clouds
234,Maragogi,BR,-9.0122,-35.2225,75.76,83,1,11.79,clear sky
235,Asau,RO,46.4333,26.4,67.12,87,23,1.88,few clouds
236,Chokurdakh,RU,70.6333,147.9167,52.25,72,37,16.87,scattered clouds
237,Nome,US,64.5011,-165.4064,56.16,67,64,7.54,broken clouds
238,Churapcha,RU,62.0025,132.4325,67.41,89,85,1.19,overcast clouds
239,Tokur,RU,53.1333,132.9,56.64,97,2,2.39,clear sky
240,Caravelas,BR,-17.7125,-39.2481,73.2,73,5,6.08,clear sky
241,Poum,NC,-20.2333,164.0167,71.64,58,0,24.43,clear sky
242,Sitka,US,57.0531,-135.33,57.49,95,99,5.28,light rain
243,Aanekoski,FI,62.6946,25.818,57.27,92,100,4.27,overcast clouds
244,Namanga,KE,-2.5433,36.7905,62.58,73,95,7.9,overcast clouds
245,Bintulu,MY,3.1667,113.0333,76.21,81,99,3.96,overcast clouds
246,Grand Forks,US,47.9417,-97.4337,83.79,60,67,2.89,broken clouds
247,Glendive,US,47.1053,-104.7125,93.76,39,100,5.99,overcast clouds
248,Hami,CN,42.8,93.45,77.86,11,19,11.88,few clouds
249,Tocopilla,CL,-22.092,-70.1979,60.01,56,1,5.91,clear sky
250,Lichuan,CN,30.3,108.85,67.41,96,100,2.59,overcast clouds
251,Maridi,SS,4.9158,29.4742,67.42,96,67,2.62,broken clouds
252,Pakxe,LA,15.1167,105.7833,75.02,97,14,3.33,few clouds
253,Airai,TL,-8.9266,125.4092,53.55,89,95,3.58,overcast clouds
254,Flin Flon,CA,54.7682,-101.865,84.69,27,95,9.6,overcast clouds
255,Gurupi,BR,-11.7292,-49.0686,92.88,23,1,7.25,clear sky
256,Kaseda,JP,31.4167,130.3167,80.71,89,81,12.91,broken clouds
257,San Lorenzo,PY,-25.3333,-57.5333,86.81,43,100,9.55,light rain
258,Saint-Augustin,CA,51.226,-58.6502,66.33,49,58,18.03,broken clouds
259,Kenai,US,60.5544,-151.2583,61.03,89,75,3.44,light rain
260,Itarema,BR,-2.9248,-39.9167,80.29,72,65,14.94,broken clouds
261,Puerto Escondido,MX,15.85,-97.0667,84.29,80,98,12.48,overcast clouds
262,Sarmas,RO,46.8833,25.4667,55.54,84,18,3.38,few clouds
263,Smithers,CA,54.7804,-127.1743,59.32,88,100,4.61,light intensity shower rain
264,Saint-Joseph,RE,-21.3667,55.6167,65.21,79,38,12.28,light rain
265,Oranjemund,NA,-28.55,16.4333,65.73,38,1,3.71,clear sky
266,Vereeniging,ZA,-26.6731,27.9261,50.92,33,0,3.89,clear sky
267,Hecun,CN,36.5333,114.1111,76.53,89,100,2.44,overcast clouds
268,Portland,US,45.5234,-122.6762,79.29,50,0,4.0,clear sky
269,Rajmahal,IN,25.05,87.8333,84.61,70,0,6.22,clear sky
270,Pontes E Lacerda,BR,-15.2261,-59.3353,93.63,26,89,9.06,overcast clouds
271,Ovre Ardal,NO,61.3167,7.8,49.08,82,86,5.75,overcast clouds
272,Aketi,CD,2.7388,23.7833,76.51,77,100,2.04,overcast clouds
273,Dyersburg,US,36.0345,-89.3856,95.29,29,48,2.08,scattered clouds
274,Surt,LY,31.2089,16.5887,78.13,57,0,8.68,clear sky
275,Barinas,VE,8.6226,-70.2075,89.64,51,28,4.61,scattered clouds
276,Talnakh,RU,69.4865,88.3972,54.21,70,9,0.69,clear sky
277,Lahad Datu,MY,5.0268,118.327,75.13,93,85,2.01,overcast clouds
278,Potosi,BO,-19.5836,-65.7531,49.41,11,16,28.05,few clouds
279,Acarau,BR,-2.8856,-40.12,81.01,71,63,15.26,broken clouds
280,Leningradskiy,RU,69.3833,178.4167,40.12,70,100,5.28,overcast clouds
281,Mitu,CO,1.1983,-70.1733,72.91,95,100,1.88,overcast clouds
282,Kota Kinabalu,MY,5.9749,116.0724,75.18,83,20,5.01,few clouds
283,Port Hedland,AU,-20.3167,118.5667,53.65,66,5,8.05,clear sky
284,Milkovo,RU,54.7167,158.6167,65.23,78,30,5.39,scattered clouds
285,Ashtian,IR,34.5217,50.0019,72.55,16,0,14.23,clear sky
286,Coffeyville,US,37.0373,-95.6164,101.01,30,0,16.11,clear sky
287,Amahai,ID,-3.3333,128.9167,76.59,92,99,6.55,light rain
288,Antipolo,PH,14.5864,121.1753,77.99,90,100,1.1,overcast clouds
289,Wamba,NG,8.9333,8.6,72.46,95,100,2.73,moderate rain
290,Lamar,US,33.6668,-95.5836,103.98,24,0,8.08,clear sky
291,Lompoc,US,34.6391,-120.4579,93.02,65,4,8.01,clear sky
292,Najran,SA,17.4924,44.1277,88.16,21,100,4.79,overcast clouds
293,San Patricio,US,28.017,-97.5169,88.84,57,100,11.65,overcast clouds
294,Aquidauana,BR,-20.4711,-55.7872,92.28,23,98,9.46,overcast clouds
295,Gamba,GA,-2.65,10.0,69.6,95,3,5.1,clear sky
296,Mount Gambier,AU,-37.8333,140.7667,47.53,72,100,14.67,moderate rain
297,Saurimo,AO,-9.6608,20.3916,65.08,39,0,4.43,clear sky
298,Kavieng,PG,-2.5744,150.7967,81.23,77,100,9.91,overcast clouds
299,Smoky Lake,CA,54.1169,-112.4686,77.2,55,76,8.68,broken clouds
300,Dubai,AE,25.2582,55.3047,102.13,30,0,10.36,clear sky
301,Cabedelo,BR,-6.9811,-34.8339,77.0,82,6,15.68,clear sky
302,Alad,PH,12.6168,122.2475,83.5,74,45,3.24,light rain
303,Zaragoza,ES,41.6561,-0.8773,96.85,24,0,5.75,clear sky
304,Behshahr,IR,36.6923,53.5526,77.67,72,0,5.21,clear sky
305,Praia Da Vitoria,PT,38.7333,-27.0667,74.75,75,18,17.34,few clouds
306,Chicama,PE,-7.8447,-79.1469,69.8,62,10,11.23,clear sky
307,Esperance,AU,-33.8667,121.9,59.07,76,100,14.0,overcast clouds
308,Katsuura,JP,35.1333,140.3,74.7,95,100,8.86,overcast clouds
309,Sanandrei,RO,45.8531,21.1681,75.94,34,0,8.05,clear sky
310,Tolbazy,RU,54.0241,55.8825,59.5,94,9,7.83,clear sky
311,Lagoa,PT,39.05,-27.9833,69.46,89,12,15.26,few clouds
312,Thanh Hoa,VN,19.8,105.7667,79.0,92,17,2.75,few clouds
313,Dovolnoye,RU,54.4958,79.6671,53.64,77,0,5.66,clear sky
314,Kananga,CD,-5.8958,22.4178,81.41,32,69,0.58,broken clouds
315,Shieli,KZ,44.1667,66.75,82.85,16,0,9.51,clear sky
316,Merauke,ID,-8.4667,140.3333,74.07,79,100,14.97,overcast clouds
317,Lufilufi,WS,-13.8745,-171.5986,77.79,81,30,20.76,light rain
318,Basco,PH,20.4487,121.9702,84.72,84,100,20.51,overcast clouds
319,Toktogul,KG,41.8708,72.9402,70.74,38,66,1.48,broken clouds
320,Runkel,DE,50.4,8.1667,70.07,64,1,4.09,clear sky
321,Tanout,NE,14.9709,8.8879,81.46,61,100,6.8,moderate rain
322,Kahului,US,20.8947,-156.47,85.96,80,12,11.99,few clouds
323,Las Cruces,US,32.3123,-106.7783,101.61,20,0,7.0,clear sky
324,Kariba,ZW,-16.5167,28.8,65.32,45,50,2.91,scattered clouds
325,Hobyo,SO,5.3505,48.5268,77.79,79,60,23.4,broken clouds
326,Haines Junction,CA,60.7522,-137.5108,52.32,91,100,1.57,overcast clouds
327,Llangefni,GB,53.2556,-4.3106,62.73,72,100,4.61,overcast clouds
328,Fortuna,US,40.5982,-124.1573,70.93,69,0,4.0,clear sky
329,Ingham,US,42.6,-84.3833,78.75,63,40,6.91,scattered clouds
330,Dalbandin,PK,28.8947,64.4101,87.44,42,99,8.88,overcast clouds
331,Kharitonovo,RU,61.4009,47.4978,62.35,99,75,4.54,broken clouds
332,Lasa,IT,46.6166,10.7002,65.57,85,11,4.65,few clouds
333,Zapolyarnyy,RU,69.4154,30.8136,69.08,73,100,2.68,overcast clouds
334,Puri,IN,19.8,85.85,81.12,83,95,11.99,overcast clouds
335,Yenagoa,NG,4.9247,6.2642,74.39,89,97,4.54,overcast clouds
336,Russell,US,32.3502,-85.1999,92.97,62,0,9.22,clear sky
337,Liepaja,LV,56.5419,21.0367,58.98,77,0,13.8,clear sky
338,Dedza,MW,-14.3779,34.3332,52.38,62,68,4.99,broken clouds
339,Antofagasta,CL,-23.65,-70.4,58.64,68,0,6.71,clear sky
340,Ilulissat,GL,69.2167,-51.1,53.62,47,20,5.75,few clouds
341,Karratha,AU,-20.7377,116.8463,63.84,46,2,5.41,clear sky
342,Maralal,KE,1.0968,36.698,61.07,67,100,9.66,overcast clouds
343,Padang,ID,-0.9492,100.3543,77.81,87,95,2.84,overcast clouds
344,Longyearbyen,SJ,78.2186,15.6401,57.04,62,75,14.97,broken clouds
345,Harper,LR,4.375,-7.7169,74.75,85,100,9.71,overcast clouds
346,Detchino,RU,54.8092,36.3075,54.05,91,21,6.58,few clouds
347,Christchurch,NZ,-43.5333,172.6333,32.92,80,30,3.44,scattered clouds
348,Axim,GH,4.8699,-2.2405,75.67,87,100,12.08,overcast clouds
349,Camacha,PT,33.0833,-16.3333,67.42,73,75,9.22,broken clouds
350,Alice Springs,AU,-23.7,133.8833,36.95,52,0,4.61,clear sky
351,Ponta Delgada,PT,37.7333,-25.6667,70.52,83,40,11.5,scattered clouds
352,Thinadhoo,MV,0.5333,72.9333,83.43,77,98,15.39,overcast clouds
353,Syosset,US,40.8262,-73.5021,85.39,51,45,5.99,scattered clouds
354,La Asuncion,VE,11.0333,-63.8628,73.13,100,100,10.36,overcast clouds
355,Quatre Cocos,MU,-20.2078,57.7625,68.09,80,94,16.89,light rain
356,Mlonggo,ID,-6.5333,110.7,76.77,87,12,4.81,few clouds
357,Namatanai,PG,-3.6667,152.4333,77.86,83,100,6.82,overcast clouds
358,Lagoa Santa,BR,-19.6272,-43.8897,76.73,39,30,6.82,scattered clouds
359,Wanaka,NZ,-44.7,169.15,30.11,92,23,1.01,few clouds
360,Baykit,RU,61.67,96.37,49.05,92,86,1.1,overcast clouds
361,Tuatapere,NZ,-46.1333,167.6833,34.47,91,34,5.66,scattered clouds
362,Lata,PT,40.1629,-8.3327,71.46,66,27,3.78,scattered clouds
363,Mehamn,NO,71.0357,27.8492,60.75,77,0,9.22,clear sky
364,Oneonta,US,42.4529,-75.0638,84.29,49,4,4.85,clear sky
365,Evans,US,33.5337,-82.1307,92.03,59,0,8.05,clear sky
366,Marawi,PH,7.9986,124.2928,68.04,96,86,1.66,overcast clouds
367,Codrington,AU,-38.2667,141.9667,50.2,59,100,16.37,light rain
368,Wad Rawah,SD,15.1603,33.1397,86.9,48,18,10.07,few clouds
369,Roma,US,43.2128,-75.4557,81.68,39,0,4.0,clear sky
370,Derzhavinsk,KZ,51.1,66.3167,80.24,43,95,7.07,overcast clouds
371,Klaksvik,FO,62.2266,-6.589,49.12,74,12,5.95,few clouds
372,Muskogee,US,35.5834,-95.3336,102.34,32,20,6.91,few clouds
373,Andradas,BR,-22.0681,-46.5692,72.36,45,90,4.97,overcast clouds
374,Anadyr,RU,64.75,177.4833,50.0,66,68,11.01,broken clouds
375,Arona,ES,28.0996,-16.681,70.7,71,0,17.27,clear sky
376,Vanavara,RU,60.34,102.2797,50.34,87,100,3.02,overcast clouds
377,Artyom,AZ,40.4723,50.333,73.54,78,0,14.79,clear sky
378,Antalaha,MG,-14.9003,50.2788,67.98,86,51,7.05,light rain
379,Lafia,NG,8.4833,8.5167,75.42,90,100,4.09,moderate rain
380,Reyes,BO,-14.3167,-67.3833,88.47,50,99,7.99,overcast clouds
381,Normandin,CA,48.8333,-72.5321,74.57,49,94,4.59,overcast clouds
382,Srednekolymsk,RU,67.45,153.6833,67.21,44,49,5.26,scattered clouds
383,Lethem,GY,3.3803,-59.7968,81.43,78,72,3.11,broken clouds
384,Bongandanga,CD,1.5,21.05,75.38,72,79,2.86,light rain
385,Debre Tabor,ET,11.85,38.0167,52.25,95,100,1.74,heavy intensity rain
386,Petauke,ZM,-14.2426,31.3253,65.12,42,27,11.79,scattered clouds
387,Sribne,UA,50.6638,32.9187,55.54,95,20,5.68,few clouds
388,Luangwa,ZM,-15.6167,30.4167,66.49,51,42,4.12,scattered clouds
389,Prado,BR,-17.3411,-39.2208,72.41,78,21,7.05,few clouds
390,Bondo,CD,3.8146,23.6866,70.83,94,100,2.62,overcast clouds
391,Ilhabela,BR,-23.7781,-45.3581,73.6,68,88,5.1,overcast clouds
392,Te Anau,NZ,-45.4167,167.7167,32.38,91,61,1.1,broken clouds
393,Elat,IL,29.5581,34.9482,89.44,40,0,11.5,clear sky
394,Dudinka,RU,69.4058,86.1778,50.92,75,29,10.4,scattered clouds
395,Novoagansk,RU,61.9449,76.6625,58.14,63,91,5.97,overcast clouds
396,Kaeo,NZ,-35.1,173.7833,52.5,78,99,6.69,overcast clouds
397,Muriwai Beach,NZ,-36.8167,174.45,51.76,72,87,10.36,overcast clouds
398,Dalianwan,CN,39.0286,121.695,73.44,68,0,8.95,clear sky
399,Bermejo,AR,-32.8833,-68.8,39.47,85,100,8.77,overcast clouds
400,Maceio,BR,-9.6658,-35.7353,80.04,73,20,11.5,few clouds
401,Byron Bay,AU,-28.65,153.6167,48.94,83,0,5.75,clear sky
402,Mitsamiouli,KM,-11.3847,43.2844,77.05,68,9,12.33,clear sky
403,Wronki,PL,52.7105,16.3804,63.28,54,96,5.93,overcast clouds
404,Conceicao Do Mato Dentro,BR,-19.0372,-43.425,74.14,44,81,4.9,broken clouds
405,Tawang,IN,27.5833,91.8667,56.71,88,30,1.92,scattered clouds
406,Coihaique,CL,-45.5752,-72.0662,33.75,69,75,2.3,broken clouds
407,Serenje,ZM,-13.2325,30.2352,55.71,64,48,8.25,scattered clouds
408,Bilma,NE,18.6853,12.9164,80.85,69,87,27.89,overcast clouds
409,Kailua,US,21.4022,-157.7394,81.81,86,47,5.01,light rain
410,Oyugis,KE,-0.509,34.7358,65.23,74,100,4.09,overcast clouds
411,Kropotkin,RU,45.4375,40.5756,71.64,57,0,6.22,clear sky
412,Alyangula,AU,-13.8483,136.4192,67.17,73,76,12.59,broken clouds
413,Yulara,AU,-25.2406,130.9889,45.64,28,0,4.32,clear sky
414,Ketchikan,US,55.3422,-131.6461,55.87,94,100,10.36,light rain
415,Kruisfontein,ZA,-34.0033,24.7314,50.88,84,87,3.8,overcast clouds
416,Querfurt,DE,51.3833,11.6,62.22,64,24,4.56,few clouds
417,Bengkulu,ID,-3.8004,102.2655,75.6,89,100,3.78,overcast clouds
418,Ullapool,GB,57.8987,-5.1604,55.35,89,99,4.41,overcast clouds
419,Dakar,SN,14.6937,-17.4441,85.08,82,54,12.19,broken clouds
420,Waipawa,NZ,-41.4122,175.5153,43.18,79,100,5.44,overcast clouds
421,Xining,CN,36.6167,101.7667,58.03,94,100,1.23,light rain
422,Saint George,US,37.1041,-113.5841,102.63,24,0,4.0,clear sky
423,Ochamchira,GE,42.7121,41.4721,69.42,79,9,3.18,clear sky
424,Tuy Hoa,VN,13.0833,109.3,78.3,86,33,4.0,scattered clouds
425,Ormara,PK,25.2088,64.6357,81.81,85,100,5.12,overcast clouds
426,Rumoi,JP,43.9344,141.6428,63.37,89,100,8.37,overcast clouds
427,Japura,ID,-0.3167,102.35,73.65,99,62,2.66,broken clouds
428,Elkridge,US,39.2126,-76.7136,90.9,49,75,3.44,broken clouds
429,San Jose,US,37.3394,-121.895,87.53,42,0,11.5,clear sky
430,Meulaboh,ID,4.1363,96.1285,76.66,88,90,4.34,overcast clouds
431,Grindavik,IS,63.8424,-22.4338,52.27,93,100,23.02,heavy intensity rain
432,Qaqortoq,GL,60.7167,-46.0333,46.42,78,25,7.74,scattered clouds
433,Havoysund,NO,70.9963,24.6622,55.63,83,100,17.49,overcast clouds
434,North Bend,US,43.4065,-124.2243,76.24,86,0,1.99,clear sky
435,Mana,GF,5.6592,-53.7767,81.23,81,95,7.27,overcast clouds
436,Outjo,NA,-20.1167,16.15,57.74,28,0,9.06,clear sky
437,Bonavista,CA,48.6499,-53.1147,58.42,90,99,11.32,overcast clouds
438,Deputatskiy,RU,69.3,139.9,55.54,80,48,5.41,scattered clouds
439,Ashqelon,IL,31.6693,34.5715,80.82,67,0,6.08,clear sky
440,Mezhdurechensk,RU,53.6942,88.0603,52.11,78,71,1.45,broken clouds
441,Zhangye,CN,38.9342,100.4517,64.76,65,99,6.13,overcast clouds
442,Brigantine,US,39.4101,-74.3646,83.01,73,75,9.22,broken clouds
443,Norwich,GB,52.6278,1.2983,70.36,57,20,10.36,few clouds
444,Krasnyy Yar,RU,46.5331,48.3456,75.13,39,0,4.38,clear sky
445,Tonota,BW,-21.4833,27.4833,58.37,54,0,11.36,clear sky
446,Iranshahr,IR,27.2025,60.6848,92.73,38,52,8.39,broken clouds
447,Ronneby,SE,56.21,15.276,57.7,67,2,5.75,clear sky
448,Santa Maria,BR,-29.6842,-53.8069,69.76,81,11,6.53,few clouds
449,Islamkot,PK,24.6997,70.177,81.19,86,100,12.62,moderate rain
450,Valuyki,RU,50.2035,38.1067,69.3,60,30,7.7,scattered clouds
451,Sinjar,IQ,36.3209,41.8754,92.66,17,0,8.77,clear sky
452,Viedma,AR,-40.8135,-62.9967,45.66,84,100,16.22,overcast clouds
453,Hirara,JP,24.8,125.2833,83.97,84,100,16.15,overcast clouds
454,Hermitage,US,41.2334,-80.4487,83.82,32,75,8.05,broken clouds
455,Westport,US,41.1415,-73.3579,86.61,49,0,9.22,clear sky
456,Koumac,NC,-20.5667,164.2833,67.62,64,0,16.73,clear sky
457,Comodoro Rivadavia,AR,-45.8667,-67.5,37.26,81,40,8.05,scattered clouds
458,Qasigiannguit,GL,68.8193,-51.1922,53.85,60,2,4.32,clear sky
459,Cascais,PT,38.6979,-9.4215,78.15,60,0,11.5,clear sky
460,Jiuquan,CN,39.7432,98.5174,70.29,48,100,0.09,overcast clouds
461,San Matias,BO,-16.3667,-58.4,97.07,21,95,11.21,overcast clouds
462,Jining,CN,35.405,116.5814,78.98,75,96,4.32,overcast clouds
463,Umm Kaddadah,SD,13.6017,26.6876,79.03,66,100,15.32,overcast clouds
464,Tambopata,PE,-12.7333,-69.1833,87.69,58,20,8.05,few clouds
465,Vostok,RU,46.4856,135.8833,55.35,96,100,4.03,overcast clouds
466,San Pedro,PH,14.35,121.0167,79.36,90,20,0.0,few clouds
467,Lindas,NO,60.7381,5.16,53.73,83,25,8.7,scattered clouds
468,Sioux Lookout,CA,50.1001,-91.917,83.07,35,0,8.84,clear sky
469,Finschhafen,PG,-6.6024,147.8681,78.31,85,76,8.68,broken clouds
470,Fayaoue,NC,-20.65,166.5333,71.94,60,7,21.81,clear sky
471,Znamenskoye,RU,57.1281,73.8282,58.37,92,51,1.57,broken clouds
472,Hamilton,US,39.1834,-84.5333,88.65,47,98,4.0,overcast clouds
473,Gornopravdinsk,RU,60.05,69.9,62.02,96,87,4.07,moderate rain
474,Whitehorse,CA,60.7161,-135.0538,58.01,87,94,1.01,overcast clouds
475,Pangkalanbuun,ID,-2.6833,111.6167,73.18,99,75,2.55,broken clouds
476,Presidencia Roque Saenz Pena,AR,-26.7852,-60.4388,58.87,93,100,8.79,overcast clouds
477,Weihai,CN,37.5017,122.1136,72.54,81,17,7.56,few clouds
478,Binzhou,CN,37.3667,118.0167,78.42,65,56,3.15,broken clouds
479,Port Augusta,AU,-32.5,137.7667,45.93,37,0,18.1,clear sky
480,Sorland,NO,67.667,12.6934,48.06,81,100,12.48,overcast clouds
481,Pangody,RU,65.85,74.4859,55.18,58,3,3.76,clear sky
482,Shenzhen,CN,22.5455,114.0683,86.27,93,100,8.16,overcast clouds
483,Maurawan,IN,26.4333,80.8833,89.64,41,98,11.79,overcast clouds
484,College,US,64.8569,-147.8028,69.58,47,100,9.22,overcast clouds
485,Kaihua,CN,23.3687,104.28,66.38,98,85,4.63,overcast clouds
486,Grabouw,ZA,-34.1515,19.0151,55.47,75,100,5.5,overcast clouds
487,Aksarka,RU,66.5606,67.7975,55.24,59,33,8.19,scattered clouds
488,Margate,GB,51.3813,1.3862,71.69,59,56,10.47,broken clouds
489,Adre,TD,13.4667,22.2,72.37,88,100,5.82,moderate rain
490,Chabahar,IR,25.2919,60.643,83.37,85,55,5.91,broken clouds
491,Ayutla,MX,20.1167,-104.3333,73.18,73,100,2.01,overcast clouds
492,Pauini,BR,-7.7136,-66.9764,85.68,64,100,0.94,overcast clouds
493,Nabire,ID,-3.3667,135.4833,75.52,95,100,2.39,overcast clouds
494,Loubomo,CG,-4.1997,12.6739,69.28,83,14,7.7,few clouds
495,La Palma,US,33.8464,-118.0467,100.49,64,20,9.22,few clouds
496,Kavaratti,IN,10.5669,72.642,81.1,84,60,17.52,broken clouds
497,Ribeira Brava,PT,32.65,-17.0667,76.01,82,16,5.37,few clouds
498,Halifax,CA,44.6453,-63.5724,76.69,75,79,5.99,broken clouds
499,Ambatofinandrahana,MG,-20.55,46.8,49.66,92,20,4.25,few clouds
500,Conil,FR,44.9673,3.7177,60.19,59,56,4.97,broken clouds
501,Okha,RU,53.5739,142.9478,55.54,86,100,10.58,overcast clouds
502,Gratkorn,AT,47.1497,15.3655,64.33,73,40,2.3,scattered clouds
503,Sebinkarahisar,TR,40.2883,38.4236,56.32,90,17,3.2,few clouds
504,Akersberga,SE,59.4794,18.2997,56.88,66,100,9.95,overcast clouds
505,Kovur,IN,14.4833,79.9833,86.2,53,40,16.8,scattered clouds
506,Qingquan,CN,30.4511,115.2559,83.32,78,100,0.89,overcast clouds
507,Anif,AT,47.75,13.0667,70.45,77,20,5.75,few clouds
508,West Bay,KY,19.3667,-81.4167,86.07,66,75,2.3,broken clouds
509,Andilamena,MG,-17.0167,48.5833,55.04,96,37,3.89,scattered clouds
510,Chuzhou,CN,32.3219,118.2978,79.68,91,100,1.95,light rain
511,Nyzhni Sirohozy,UA,46.8484,34.3804,68.74,58,0,7.09,clear sky
512,Khandyga,RU,62.6667,135.6,66.67,93,7,2.89,clear sky
513,Stornoway,GB,58.2093,-6.3865,55.92,77,100,5.75,overcast clouds
514,Rosetown,CA,51.5501,-108.0014,90.66,30,0,8.9,clear sky
515,Scottsbluff,US,41.8666,-103.6672,97.03,31,0,16.11,clear sky
516,Holeby,DK,54.7115,11.4642,58.08,75,100,15.41,overcast clouds
517,Tabou,CI,4.423,-7.3528,74.8,86,100,9.48,overcast clouds
518,Moranbah,AU,-22.0016,148.0466,50.11,96,5,9.98,clear sky
519,Ambilobe,MG,-13.2,49.05,66.54,87,4,3.29,clear sky
520,Deori,IN,21.45,82.6167,77.22,90,100,5.23,light rain
521,Cap Malheureux,MU,-19.9842,57.6142,68.47,86,82,8.99,light rain
522,Komsomolskiy,UZ,40.4272,71.7189,79.52,29,0,4.61,clear sky
523,Puerto Cabello,VE,10.4731,-68.0125,78.1,82,76,8.03,broken clouds
524,Touros,BR,-5.1989,-35.4608,76.66,85,25,14.79,scattered clouds
525,Chifeng,CN,42.2683,118.9636,67.21,83,81,3.11,broken clouds
526,Riyadh,SA,24.6877,46.7219,95.14,10,76,10.18,broken clouds
527,Seoul,KR,37.5683,126.9778,72.84,94,7,3.09,clear sky
528,Buta,CD,2.7858,24.73,72.19,90,100,3.09,overcast clouds
529,Bambanglipuro,ID,-7.95,110.2833,74.44,91,14,4.21,few clouds
530,Nantucket,US,41.2835,-70.0995,78.91,80,0,6.91,clear sky
531,Ulaanbaatar,MN,47.9077,106.8832,55.53,88,75,6.71,broken clouds
532,Kuybysheve,UA,47.358,36.6491,66.36,61,0,4.32,clear sky
533,Kyaukse,MM,21.6,96.1333,81.28,77,98,7.11,overcast clouds
534,Svetlyy,RU,54.675,20.1347,60.96,72,1,16.02,clear sky
535,Yomou,GN,7.5603,-9.2653,70.16,98,24,2.95,light rain
536,Ranong,TH,9.9658,98.6348,78.58,90,100,7.2,overcast clouds
537,Guerrero Negro,MX,27.9769,-114.0611,77.31,57,11,15.68,few clouds
538,Porto Velho,BR,-8.7619,-63.9039,87.85,58,40,8.05,scattered clouds
539,Menongue,AO,-14.6585,17.691,54.0,45,0,4.41,clear sky
540,Skibbereen,IE,51.55,-9.2667,66.11,85,95,1.43,overcast clouds
541,Beloha,MG,-25.1667,45.05,64.62,88,0,10.4,clear sky
542,Bitung,ID,1.4451,125.1824,74.25,88,100,14.41,light rain
543,Port Shepstone,ZA,-30.7414,30.455,62.06,74,32,6.46,scattered clouds
544,Shu,KZ,43.5983,73.7614,76.1,25,0,7.9,clear sky
545,Superior,US,46.7208,-92.1041,84.76,62,0,9.22,clear sky
546,Nassau,US,40.7507,-73.5829,86.67,52,0,10.36,clear sky
547,Kalmar,SE,56.6616,16.3616,61.97,67,37,3.0,scattered clouds
548,Cairns,AU,-16.9167,145.7667,64.35,97,40,6.91,light intensity shower rain
549,Ballina,AU,-28.8667,153.5667,49.01,96,1,5.93,clear sky
550,Miyako,JP,39.6367,141.9525,69.62,98,100,9.75,moderate rain
551,Sterling,US,39.0062,-77.4286,91.33,42,40,5.99,scattered clouds
552,Igarka,RU,67.4667,86.5833,52.05,72,89,8.97,overcast clouds
553,Egvekinot,RU,66.3167,-179.1667,42.98,62,94,3.8,overcast clouds
554,Marshfield,US,44.6689,-90.1718,74.28,73,75,3.44,broken clouds
555,Barmer,IN,25.75,71.3833,85.46,70,91,10.69,light rain
556,Dzhebariki-Khaya,RU,62.2167,135.8,66.88,95,39,1.7,light rain
557,Gazimurskiy Zavod,RU,51.5461,118.3266,61.18,98,100,3.02,overcast clouds
558,Toledo,ES,39.8333,-4.0,89.92,16,0,13.31,clear sky
559,Banki,IN,20.3833,85.5333,80.71,88,100,5.44,overcast clouds
560,Gatton,AU,-27.55,152.2833,46.63,91,0,2.48,clear sky
561,Tolaga Bay,NZ,-38.3667,178.3,48.81,88,100,6.35,overcast clouds
562,Clyde,US,41.3042,-82.9752,81.91,51,100,3.53,overcast clouds
563,Iralaya,HN,15.0,-83.2333,83.37,73,100,7.23,overcast clouds
564,Las Matas De Farfan,DO,18.8731,-71.5166,81.93,66,89,8.88,overcast clouds
565,San Policarpo,PH,12.1791,125.5072,78.58,86,23,4.27,few clouds
566,Businga,CD,3.3333,20.8833,73.0,87,91,3.13,light rain
567,Kindu,CD,-2.95,25.95,77.86,58,94,3.0,overcast clouds
568,Barao De Melgaco,BR,-16.1944,-55.9675,95.16,22,100,7.99,overcast clouds
569,Yarada,IN,17.65,83.2667,79.12,100,75,2.3,light intensity drizzle
570,Dalhousie,IN,32.5333,75.9833,60.12,63,98,7.29,overcast clouds
571,Undory,RU,54.6085,48.3928,63.45,86,0,11.23,clear sky
572,Tessalit,ML,20.1986,1.0114,98.78,19,96,4.85,overcast clouds
573,Atambua,ID,-9.1061,124.8925,66.42,84,100,5.82,overcast clouds
574,Kurchum,KZ,48.5722,83.6542,64.38,49,1,4.0,clear sky
575,Banjarmasin,ID,-3.3244,114.591,77.14,92,86,2.53,overcast clouds
576,Lamu,KE,-2.2717,40.902,75.42,82,100,17.63,overcast clouds
577,Arrifes,PT,37.7667,-25.7,68.25,83,40,11.5,scattered clouds
578,Eureka,US,40.8021,-124.1637,71.2,72,2,7.0,clear sky
579,Hurghada,EG,27.2574,33.8129,87.04,30,0,20.38,clear sky
580,Pavlogradka,RU,54.2024,73.5592,60.76,89,0,7.09,clear sky
581,Motupe,PE,-6.1519,-79.7142,81.57,46,1,9.17,clear sky
582,Namibe,AO,-15.1961,12.1522,65.28,96,22,0.89,few clouds
583,Mwinilunga,ZM,-11.7358,24.4293,59.74,49,6,4.79,clear sky
584,Maicao,CO,11.3832,-72.2432,88.43,45,34,12.3,scattered clouds
585,Pitimbu,BR,-7.4706,-34.8086,79.39,80,1,14.09,clear sky
586,Tilichiki,RU,60.4667,166.1,55.17,78,13,6.8,few clouds
587,Jacmel,HT,18.2342,-72.5347,89.44,64,36,5.19,scattered clouds
588,Puteyets,RU,65.1716,57.091,71.71,65,16,6.78,few clouds
589,Flinders,AU,-34.5833,150.8552,45.05,79,79,3.0,broken clouds
590,Verkhoshizhemye,RU,58.011,49.1038,57.42,95,33,2.51,scattered clouds
591,Lerwick,GB,60.1545,-1.1494,51.8,80,56,11.56,broken clouds
592,Itaituba,BR,-4.2761,-55.9836,84.22,64,100,3.18,overcast clouds
593,Whitianga,NZ,-36.8333,175.7,48.0,87,96,6.46,overcast clouds
594,Yucaipa,US,34.0336,-117.0431,101.88,31,0,9.22,haze
595,Faya,SA,18.3851,42.4509,70.32,42,99,4.79,light rain
596,Kedrovyy,RU,56.1667,91.8167,43.21,91,50,2.66,scattered clouds
597,Huarmey,PE,-10.0681,-78.1522,66.4,72,9,14.43,clear sky
598,Sosva,RU,59.1766,61.8558,62.89,99,99,3.78,overcast clouds
599,Mandera,KE,3.9366,41.867,82.47,47,100,20.67,overcast clouds
600,Almenara,BR,-16.1836,-40.6944,77.16,54,49,4.45,scattered clouds
601,Ganzhou,CN,28.8184,115.4327,81.36,77,100,4.27,overcast clouds
602,Ust-Tsilma,RU,65.441,52.1498,66.49,92,56,2.1,moderate rain
603,Goderich,CA,43.7501,-81.7165,73.9,57,90,5.06,overcast clouds
604,Kozhva,RU,65.1073,57.0459,72.5,63,21,7.43,few clouds
605,Copiapo,CL,-27.3667,-70.3333,47.89,87,99,7.34,overcast clouds
606,Risor,NO,58.7206,9.2342,58.28,52,0,18.52,clear sky
607,Anantapur,IN,14.6833,77.6,77.61,72,90,19.39,overcast clouds
608,Port-Gentil,GA,-0.7193,8.7815,75.16,83,40,9.22,scattered clouds
609,Scarborough,GB,54.2797,-0.4044,60.78,77,13,9.4,few clouds
610,High Level,CA,58.5169,-117.136,75.81,33,100,6.08,overcast clouds
611,Patan,NP,27.6667,85.3333,73.78,88,40,3.44,scattered clouds
612,Puerto Madryn,AR,-42.7692,-65.0385,42.48,83,100,15.68,light rain
613,Zhigansk,RU,66.7697,123.3711,48.27,75,86,19.84,overcast clouds
614,Hearst,CA,49.6835,-83.6665,74.03,50,100,9.62,overcast clouds
615,Fallon,US,39.4735,-118.7774,95.45,15,0,3.62,clear sky
616,Soyo,AO,-6.1349,12.3689,70.61,90,2,9.13,clear sky
617,Saint Anthony,US,45.0205,-93.218,90.95,55,40,6.91,scattered clouds
618,Hualmay,PE,-11.0964,-77.6139,64.47,73,32,14.27,scattered clouds
619,Crotone,IT,39.0851,17.1178,79.2,68,0,8.01,clear sky
620,Biltine,TD,14.5333,20.9167,76.62,81,100,8.7,moderate rain
621,Emerald,AU,-23.5333,148.1667,43.34,78,0,8.3,clear sky
622,Labuhan,ID,-6.8844,112.2051,77.18,87,53,6.82,broken clouds
623,Boden,SE,65.8252,21.6886,60.8,83,100,1.63,overcast clouds
624,Andros Town,BS,24.7,-77.7667,75.16,66,100,14.9,moderate rain
625,San Juan,AR,-31.5375,-68.5364,38.77,89,100,14.34,overcast clouds
626,Bandarbeyla,SO,9.4942,50.8122,79.05,78,100,30.98,overcast clouds
627,Jieshi,CN,22.8134,115.8257,83.55,87,100,15.19,overcast clouds
628,Auki,SB,-8.7676,160.7034,76.23,85,100,3.78,overcast clouds
629,De-Kastri,RU,51.4667,140.7833,56.84,92,100,4.09,overcast clouds
630,Talavera,PH,15.6167,120.9333,76.75,91,100,1.25,overcast clouds
631,Paralia,GR,38.2,21.7,82.8,53,0,5.46,clear sky
632,Carauari,BR,-4.8828,-66.8958,83.8,65,89,2.04,overcast clouds
633,Zhireken,RU,52.8249,117.3076,57.2,97,100,4.12,overcast clouds
634,Mabaruma,GY,8.2,-59.7833,79.05,94,90,2.89,overcast clouds
635,Neustrelitz,DE,53.3667,13.0833,63.75,65,100,5.14,overcast clouds
636,Salta,AR,-24.7859,-65.4117,62.58,57,0,7.0,clear sky
637,Cayenne,GF,4.9333,-52.3333,77.09,1,75,3.44,light rain
638,Monrovia,LR,6.3005,-10.7969,75.99,84,100,10.94,overcast clouds
639,Tarko-Sale,RU,64.9225,77.785,57.9,55,93,5.7,overcast clouds
640,Casablanca,MA,33.5928,-7.6192,75.42,83,2,5.99,clear sky
641,Panama City,PA,8.9936,-79.5197,88.45,81,99,1.99,overcast clouds
642,Tiznit,MA,29.5833,-9.5,80.13,49,34,3.02,scattered clouds
643,Skjervoy,NO,70.0311,20.9714,59.0,80,73,6.35,broken clouds
644,Buchanan,LR,5.8808,-10.0467,75.52,86,100,9.62,light rain
645,Mahon,ES,39.8885,4.2658,79.36,69,0,4.61,clear sky
646,Karakol,KG,42.4907,78.3936,58.19,50,0,5.01,clear sky
647,Ukiah,US,39.1502,-123.2078,97.43,32,0,7.0,clear sky
648,Hohhot,CN,40.8106,111.6522,73.49,57,100,4.72,overcast clouds
649,Fukue,JP,32.6881,128.8419,79.11,90,100,11.7,overcast clouds
650,Oktyabrskoye,RU,43.0645,44.7417,62.74,82,0,8.95,clear sky
651,Loandjili,CG,-4.7561,11.8578,71.04,87,4,6.87,clear sky
652,Northam,GB,51.0333,-4.2167,62.62,74,99,5.66,overcast clouds
653,Severo-Yeniseyskiy,RU,60.3725,93.0408,40.96,96,19,2.95,few clouds
654,Matay,EG,28.419,30.7792,83.7,24,0,7.96,clear sky
655,Agadez,NE,19.75,10.25,93.24,12,5,8.19,clear sky
656,Ola,RU,59.5833,151.2833,62.15,96,100,0.83,light rain
657,Andenes,NO,69.3143,16.1194,49.98,87,75,8.05,light rain
658,Papara,BR,-3.9839,-38.7273,79.68,65,58,5.37,broken clouds
659,Dongdu,CN,35.85,117.7,77.67,73,70,2.33,broken clouds
660,Zeya,RU,53.75,127.2667,65.46,81,41,3.58,scattered clouds
661,Xam Nua,LA,20.4197,104.0439,67.75,98,22,2.24,few clouds
662,Coahuayana,MX,18.7333,-103.6833,87.1,65,93,5.17,overcast clouds
663,Kamen-Rybolov,RU,44.7481,132.0403,62.02,96,99,12.86,light rain
664,Belaya Gora,RU,68.5333,146.4167,64.09,64,97,10.42,overcast clouds
665,Yate,GB,51.5407,-2.4184,68.45,67,98,6.78,overcast clouds
666,Dharchula,IN,29.85,80.5333,73.27,88,92,3.33,overcast clouds
667,Oistins,BB,13.0667,-59.5333,84.29,74,75,18.41,broken clouds
668,Svetlogorsk,BY,52.6333,29.7333,54.14,91,0,7.23,clear sky
669,Veraval,IN,20.9,70.3667,81.19,85,100,22.91,overcast clouds
670,Mokhsogollokh,RU,61.4681,128.9203,65.08,92,83,1.39,broken clouds
671,Poya,NC,-21.35,165.15,64.92,66,9,11.03,clear sky
672,Sipoo,FI,60.3775,25.2691,57.16,70,20,6.91,few clouds
673,Honiara,SB,-9.4333,159.95,76.14,87,54,4.88,broken clouds
674,Dicabisagan,PH,17.0818,122.4157,79.68,89,96,4.97,overcast clouds
675,Sonoita,MX,31.85,-112.8333,101.26,26,39,6.17,scattered clouds
676,Imperia,IT,43.9667,7.7833,75.22,88,17,1.86,few clouds
677,Riachao,BR,-7.3619,-46.6172,91.76,22,6,6.82,clear sky
678,Challans,FR,46.8436,-1.8749,82.6,28,73,9.48,broken clouds
679,Envira,BR,-7.3,-70.2167,83.35,72,95,1.81,overcast clouds
680,Vanino,RU,49.0869,140.2543,52.97,93,89,4.03,overcast clouds
